Workbook

Sheet lisez-moi
A1: Veille du marché des métiers en tension — classeur de travail
A3: Objectif | B3: Stocker les offres, entreprises à fort potentiel d'embauche et formations collectées chaque semaine par n8n, calculer des indicateurs de tension et garder un historique daté.
A4: Périmètre du rendu | B4: 4 métiers (électricien du bâtiment, plombier, mécanicien automobile, mécanicien poids lourd) x 2 zones (Île-de-France, Lyon).
A5: Cellules à modifier | B5: Police BLEUE = valeur saisie à la main (onglet config_metiers_zones). Fond JAUNE = point à vérifier avant de lancer la collecte.
A6: Formules | B6: L'onglet indicateurs_live se recalcule seul à partir de l'onglet offres. Ne rien saisir dedans.
A7: Remplis par n8n | B7: offres, entreprises_potentiel, formations, historique_hebdo, journal_sources, erreurs. Voir le dictionnaire pour le format de chaque colonne.
A8: Données personnelles | B8: Aucune colonne pour un nom de contact, un email ou un téléphone : ne pas copier ces champs des offres.
A9: Indicateurs | B9: Ce sont des indicateurs de tension, pas une mesure directe de la pénurie. Les offres France Travail ne couvrent qu'une partie du marché.
A10: Source des données | B10: France Travail (francetravail.io) : API Offres d'emploi, La Bonne Boîte, Open Formation. Mentionner la source et respecter la licence de réutilisation.

Sheet config_metiers_zones
A1: Métiers suivis
A2: metier | B2: code_rome | C2: mots_cles_filtre | D2: actif | E2: a_verifier
A3: Électricien du bâtiment | B3: F1602 | D3: =TRUE() -> TRUE | E3: Code confirmé par plusieurs listes ROME
A4: Plombier | B4: F1603 | D4: =TRUE() -> TRUE | E4: Code confirmé (Installation d'équipements sanitaires et thermiques)
A5: Mécanicien automobile | B5: I1604 | D5: =TRUE() -> TRUE | E5: Code confirmé. Attention : les offres poids lourd peuvent aussi apparaître sous ce code
A6: Mécanicien poids lourd | B6: I1604 | C6: poids lourd | D6: =TRUE() -> TRUE | E6: SOURCES CONTRADICTOIRES : I1604 (avec mot-clé) ou I1613. Vérifier dans le référentiel métiers de l'API avant la collecte
A9: Zones suivies
A10: zone | B10: type_filtre | C10: code | D10: actif | E10: a_verifier
A11: Île-de-France | B11: region | C11: 11 | D11: =TRUE() -> TRUE | E11: Code région INSEE à confirmer dans le référentiel de l'API
A12: Lyon (Rhône) | B12: departement | C12: 69 | D12: =TRUE() -> TRUE | E12: Département entier. Pour Lyon seule, l'API demande les codes d'arrondissement (693 81 à 69389), à confirmer
A14: Limites techniques notées (à revérifier sur la doc officielle) : 150 résultats par page, index de départ maximum 3000, environ 10 appels par seconde pour l'API Offres, 2 par seconde pour La Bonne Boîte.

Sheet offres
A1: id_offre | B1: date_collecte | C1: metier | D1: zone | E1: code_rome | F1: intitule | G1: entreprise | H1: lieu | I1: departement | J1: type_contrat | K1: salaire_libelle | L1: salaire_renseigne | M1: date_creation | N1: age_jours | O1: republication | P1: statut | Q1: url_offre

Sheet entreprises_potentiel
A1: date_collecte | B1: metier | C1: zone | D1: entreprise | E1: siret | F1: commune | G1: code_naf | H1: potentiel_embauche | I1: source

Sheet formations
A1: date_collecte | B1: metier | C1: zone | D1: organisme | E1: intitule_formation | F1: niveau_diplome | G1: commune | H1: nb_sessions | I1: source

Sheet indicateurs_live
A1: Indicateurs calculés à partir de l'onglet offres (formules, ne rien saisir)
A3: metier | B3: zone | C3: offres_actives | D3: age_moyen_jours | E3: offres_republiees | F3: taux_salaire_renseigne | G3: part_offres_plus_30_jours
A4: =config_metiers_zones!$A$3 -> Électricien du bâtiment | B4: =config_metiers_zones!$A$11 -> Île-de-France | C4: =COUNTIFS(offres!$C$2:$C$5000,$A4,offres!$D$2:$D$5000,$B4,offres!$P$2:$P$5000,"active") -> 0 | D4: =IFERROR(AVERAGEIFS(offres!$N$2:$N$5000,offres!$C$2:$C$5000,$A4,offres!$D$2:$D$5000,$B4,offres!$P$2:$P$5000,"active"),"") | E4: =COUNTIFS(offres!$C$2:$C$5000,$A4,offres!$D$2:$D$5000,$B4,offres!$P$2:$P$5000,"active",offres!$O$2:$O$5000,TRUE()) -> 0 | F4: =IF($C4=0,"",COUNTIFS(offres!$C$2:$C$5000,$A4,offres!$D$2:$D$5000,$B4,offres!$P$2:$P$5000,"active",offres!$L$2:$L$5000,TRUE())/$C4) | G4: =IF($C4=0,"",COUNTIFS(offres!$C$2:$C$5000,$A4,offres!$D$2:$D$5000,$B4,offres!$P$2:$P$5000,"active",offres!$N$2:$N$5000,">30")/$C4)
A5: =config_metiers_zones!$A$3 -> Électricien du bâtiment | B5: =config_metiers_zones!$A$12 -> Lyon (Rhône) | C5: =COUNTIFS(offres!$C$2:$C$5000,$A5,offres!$D$2:$D$5000,$B5,offres!$P$2:$P$5000,"active") -> 0 | D5: =IFERROR(AVERAGEIFS(offres!$N$2:$N$5000,offres!$C$2:$C$5000,$A5,offres!$D$2:$D$5000,$B5,offres!$P$2:$P$5000,"active"),"") | E5: =COUNTIFS(offres!$C$2:$C$5000,$A5,offres!$D$2:$D$5000,$B5,offres!$P$2:$P$5000,"active",offres!$O$2:$O$5000,TRUE()) -> 0 | F5: =IF($C5=0,"",COUNTIFS(offres!$C$2:$C$5000,$A5,offres!$D$2:$D$5000,$B5,offres!$P$2:$P$5000,"active",offres!$L$2:$L$5000,TRUE())/$C5) | G5: =IF($C5=0,"",COUNTIFS(offres!$C$2:$C$5000,$A5,offres!$D$2:$D$5000,$B5,offres!$P$2:$P$5000,"active",offres!$N$2:$N$5000,">30")/$C5)
A6: =config_metiers_zones!$A$4 -> Plombier | B6: =config_metiers_zones!$A$11 -> Île-de-France | C6: =COUNTIFS(offres!$C$2:$C$5000,$A6,offres!$D$2:$D$5000,$B6,offres!$P$2:$P$5000,"active") -> 0 | D6: =IFERROR(AVERAGEIFS(offres!$N$2:$N$5000,offres!$C$2:$C$5000,$A6,offres!$D$2:$D$5000,$B6,offres!$P$2:$P$5000,"active"),"") | E6: =COUNTIFS(offres!$C$2:$C$5000,$A6,offres!$D$2:$D$5000,$B6,offres!$P$2:$P$5000,"active",offres!$O$2:$O$5000,TRUE()) -> 0 | F6: =IF($C6=0,"",COUNTIFS(offres!$C$2:$C$5000,$A6,offres!$D$2:$D$5000,$B6,offres!$P$2:$P$5000,"active",offres!$L$2:$L$5000,TRUE())/$C6) | G6: =IF($C6=0,"",COUNTIFS(offres!$C$2:$C$5000,$A6,offres!$D$2:$D$5000,$B6,offres!$P$2:$P$5000,"active",offres!$N$2:$N$5000,">30")/$C6)
A7: =config_metiers_zones!$A$4 -> Plombier | B7: =config_metiers_zones!$A$12 -> Lyon (Rhône) | C7: =COUNTIFS(offres!$C$2:$C$5000,$A7,offres!$D$2:$D$5000,$B7,offres!$P$2:$P$5000,"active") -> 0 | D7: =IFERROR(AVERAGEIFS(offres!$N$2:$N$5000,offres!$C$2:$C$5000,$A7,offres!$D$2:$D$5000,$B7,offres!$P$2:$P$5000,"active"),"") | E7: =COUNTIFS(offres!$C$2:$C$5000,$A7,offres!$D$2:$D$5000,$B7,offres!$P$2:$P$5000,"active",offres!$O$2:$O$5000,TRUE()) -> 0 | F7: =IF($C7=0,"",COUNTIFS(offres!$C$2:$C$5000,$A7,offres!$D$2:$D$5000,$B7,offres!$P$2:$P$5000,"active",offres!$L$2:$L$5000,TRUE())/$C7) | G7: =IF($C7=0,"",COUNTIFS(offres!$C$2:$C$5000,$A7,offres!$D$2:$D$5000,$B7,offres!$P$2:$P$5000,"active",offres!$N$2:$N$5000,">30")/$C7)
A8: =config_metiers_zones!$A$5 -> Mécanicien automobile | B8: =config_metiers_zones!$A$11 -> Île-de-France | C8: =COUNTIFS(offres!$C$2:$C$5000,$A8,offres!$D$2:$D$5000,$B8,offres!$P$2:$P$5000,"active") -> 0 | D8: =IFERROR(AVERAGEIFS(offres!$N$2:$N$5000,offres!$C$2:$C$5000,$A8,offres!$D$2:$D$5000,$B8,offres!$P$2:$P$5000,"active"),"") | E8: =COUNTIFS(offres!$C$2:$C$5000,$A8,offres!$D$2:$D$5000,$B8,offres!$P$2:$P$5000,"active",offres!$O$2:$O$5000,TRUE()) -> 0 | F8: =IF($C8=0,"",COUNTIFS(offres!$C$2:$C$5000,$A8,offres!$D$2:$D$5000,$B8,offres!$P$2:$P$5000,"active",offres!$L$2:$L$5000,TRUE())/$C8) | G8: =IF($C8=0,"",COUNTIFS(offres!$C$2:$C$5000,$A8,offres!$D$2:$D$5000,$B8,offres!$P$2:$P$5000,"active",offres!$N$2:$N$5000,">30")/$C8)
A9: =config_metiers_zones!$A$5 -> Mécanicien automobile | B9: =config_metiers_zones!$A$12 -> Lyon (Rhône) | C9: =COUNTIFS(offres!$C$2:$C$5000,$A9,offres!$D$2:$D$5000,$B9,offres!$P$2:$P$5000,"active") -> 0 | D9: =IFERROR(AVERAGEIFS(offres!$N$2:$N$5000,offres!$C$2:$C$5000,$A9,offres!$D$2:$D$5000,$B9,offres!$P$2:$P$5000,"active"),"") | E9: =COUNTIFS(offres!$C$2:$C$5000,$A9,offres!$D$2:$D$5000,$B9,offres!$P$2:$P$5000,"active",offres!$O$2:$O$5000,TRUE()) -> 0 | F9: =IF($C9=0,"",COUNTIFS(offres!$C$2:$C$5000,$A9,offres!$D$2:$D$5000,$B9,offres!$P$2:$P$5000,"active",offres!$L$2:$L$5000,TRUE())/$C9) | G9: =IF($C9=0,"",COUNTIFS(offres!$C$2:$C$5000,$A9,offres!$D$2:$D$5000,$B9,offres!$P$2:$P$5000,"active",offres!$N$2:$N$5000,">30")/$C9)
A10: =config_metiers_zones!$A$6 -> Mécanicien poids lourd | B10: =config_metiers_zones!$A$11 -> Île-de-France | C10: =COUNTIFS(offres!$C$2:$C$5000,$A10,offres!$D$2:$D$5000,$B10,offres!$P$2:$P$5000,"active") -> 0 | D10: =IFERROR(AVERAGEIFS(offres!$N$2:$N$5000,offres!$C$2:$C$5000,$A10,offres!$D$2:$D$5000,$B10,offres!$P$2:$P$5000,"active"),"") | E10: =COUNTIFS(offres!$C$2:$C$5000,$A10,offres!$D$2:$D$5000,$B10,offres!$P$2:$P$5000,"active",offres!$O$2:$O$5000,TRUE()) -> 0 | F10: =IF($C10=0,"",COUNTIFS(offres!$C$2:$C$5000,$A10,offres!$D$2:$D$5000,$B10,offres!$P$2:$P$5000,"active",offres!$L$2:$L$5000,TRUE())/$C10) | G10: =IF($C10=0,"",COUNTIFS(offres!$C$2:$C$5000,$A10,offres!$D$2:$D$5000,$B10,offres!$P$2:$P$5000,"active",offres!$N$2:$N$5000,">30")/$C10)
A11: =config_metiers_zones!$A$6 -> Mécanicien poids lourd | B11: =config_metiers_zones!$A$12 -> Lyon (Rhône) | C11: =COUNTIFS(offres!$C$2:$C$5000,$A11,offres!$D$2:$D$5000,$B11,offres!$P$2:$P$5000,"active") -> 0 | D11: =IFERROR(AVERAGEIFS(offres!$N$2:$N$5000,offres!$C$2:$C$5000,$A11,offres!$D$2:$D$5000,$B11,offres!$P$2:$P$5000,"active"),"") | E11: =COUNTIFS(offres!$C$2:$C$5000,$A11,offres!$D$2:$D$5000,$B11,offres!$P$2:$P$5000,"active",offres!$O$2:$O$5000,TRUE()) -> 0 | F11: =IF($C11=0,"",COUNTIFS(offres!$C$2:$C$5000,$A11,offres!$D$2:$D$5000,$B11,offres!$P$2:$P$5000,"active",offres!$L$2:$L$5000,TRUE())/$C11) | G11: =IF($C11=0,"",COUNTIFS(offres!$C$2:$C$5000,$A11,offres!$D$2:$D$5000,$B11,offres!$P$2:$P$5000,"active",offres!$N$2:$N$5000,">30")/$C11)
A13: Lecture : un âge moyen élevé et une forte part d'offres de plus de 30 jours signalent une difficulté à recruter. Un taux de salaire renseigné faible limite la fiabilité des comparaisons de salaires. Seuil de 30 jours = hypothèse de travail à ajuster.

Sheet historique_hebdo
A1: date_snapshot | B1: metier | C1: zone | D1: offres_actives | E1: age_moyen_jours | F1: offres_republiees | G1: taux_salaire_renseigne | H1: part_offres_plus_30_jours | I1: nb_entreprises_potentiel | J1: nb_organismes_formation | K1: sources_manquantes

Sheet journal_sources
A1: date_run | B1: id_run | C1: source | D1: metier | E1: zone | F1: resultat | G1: nb_resultats | H1: message

Sheet erreurs
A1: date | B1: id_run | C1: workflow | D1: etape | E1: message | F1: alerte_envoyee

Sheet dictionnaire
A1: onglet | B1: colonne | C1: description | D1: exemple de format
A2: offres | B2: id_offre | C2: Identifiant de l'offre chez France Travail, sert au dédoublonnage | D2: 048KLTP
A3: offres | B3: date_collecte | C3: Date du run n8n qui a vu l'offre | D3: 2026-10-05
A4: offres | B4: metier / zone | C4: Valeurs des listes de config_metiers_zones | D4: Plombier / Lyon (Rhône)
A5: offres | B5: intitule | C5: Intitulé publié dans l'offre | D5: Plombier chauffagiste H/F
A6: offres | B6: entreprise | C6: Nom de l'entreprise si l'offre le donne, sinon vide (pas de nom de contact) | D6: Dupont Installations
A7: offres | B7: salaire_libelle | C7: Texte du salaire tel que publié, vide si non renseigné | D7: Mensuel de 2100 à 2600 Euros
A8: offres | B8: salaire_renseigne | C8: VRAI si un salaire est publié. Un salaire absent n'est pas un salaire nul | D8: TRUE
A9: offres | B9: date_creation | C9: Date de première publication | D9: 2026-09-12
A10: offres | B10: age_jours | C10: Date de collecte moins date de création | D10: 23
A11: offres | B11: republication | C11: VRAI si la même offre (entreprise + intitulé + lieu) réapparaît avec un nouvel identifiant | D11: FALSE
A12: offres | B12: statut | C12: active ou expirée (offre disparue de l'API au run suivant) | D12: active
... A17: journal_sources | B17: message | C17: Message d'erreur de l'API en cas d'échec | D17: 403 API non souscrite
